about;help
"–ü—Ä–∏–≤–µ—Ç üëãüèº
–Ø - Pocket Career Reborn. –ë–æ—Ç-—Ç—Ä–µ–Ω–µ—Ä, –∫–æ—Ç–æ—Ä—ã–π –ø–æ–º–æ–∂–µ—Ç —Ç–µ–±–µ –ª—É—á—à–µ –ø—Ä–æ—Ö–æ–¥–∏—Ç—å –Ω–∞—á–∞–ª—å–Ω—ã–µ —ç—Ç–∞–ø—ã –æ—Ç–±–æ—Ä–∞ –≤ –∫–æ–º–ø–∞–Ω–∏–∏.

–ú—ã —Å —Ç–æ–±–æ–π –±—É–¥–µ–º —Ç—Ä–µ–Ω–∏—Ä–æ–≤–∞—Ç—å—Å—è —Ä–µ—à–∞—Ç—å –∑–∞–¥–∞—á–∏ –Ω–∞ –ª–æ–≥–∏–∫—É, –∏ –≤–æ—Ç –º–æ–∏ –æ—Å–Ω–æ–≤–Ω—ã–µ –∫–æ–º–∞–Ω–¥—ã:

/task ‚Äî —è –ø—Ä–∏—à–ª—é —Ç–µ–±–µ –∑–∞–¥–∞—á—É –¥–Ω—è, –∫–∞–∂–¥—ã–π –¥–µ–Ω—å - –Ω–æ–≤–∞—è –∑–∞–¥–∞—á–∞, –ø–æ—ç—Ç–æ–º—É –Ω–µ—Ç —Å–º—ã—Å–ª–∞ –≤—ã–∑—ã–≤–∞—Ç—å —ç—Ç—É –∫–æ–º–∞–Ω–¥—É –±–æ–ª–µ–µ 1 —Ä–∞–∑–∞ –≤ –¥–µ–Ω—å.

/stats ‚Äî –∑–¥–µ—Å—å —Å–æ–±–∏—Ä–∞–µ—Ç—Å—è —Ç–≤–æ—è —Å—Ç–∞—Ç–∏—Å—Ç–∏–∫–∞ –≤ –æ–±–æ–±—â–µ–Ω–Ω–æ–º –≤–∏–¥–µ: —Å–∫–æ–ª—å–∫–æ –∑–∞–¥–∞—á –≤—Å–µ–≥–æ —Ä–µ—à–µ–Ω–æ, —Å–∫–æ–ª—å–∫–æ –∏–∑ –Ω–∏—Ö —Ä–µ—à–µ–Ω–æ –ø—Ä–∞–≤–∏–ª—å–Ω–æ, —Å–∫–æ–ª—å–∫–æ –≤ —Å—Ä–µ–¥–Ω–µ–º –ø–æ –≤—Ä–µ–º–µ–Ω–∏ —Ç—ã —Ä–µ—à–∞–µ—à—å –æ–¥–Ω—É –∑–∞–¥–∞—á—É.

/help ‚Äî –ø–µ—Ä–µ—á–µ–Ω—å –∫–æ–º–∞–Ω–¥ (–Ω–∞ —Å–ª—É—á–∞–π, –µ—Å–ª–∏ —Ç—ã –∑–∞–±—É–¥–µ—à—å, –∫–∞–∫—É—é –∫–æ–º–∞–Ω–¥—É –Ω–∞–¥–æ –Ω–∞–ø–∏—Å–∞—Ç—å)

–ò –¥–∞–≤–∞–π –¥–æ–≥–æ–≤–æ—Ä–∏–º—Å—è: –≤–µ–¥–µ–º —á–µ—Å—Ç–Ω—É—é –∏–≥—Ä—É. –ï—Å–ª–∏ —Ç—ã —Ö–æ—á–µ—à—å, —á—Ç–æ–±—ã —Ç–≤–æ—è —Å—Ç–∞—Ç–∏—Å—Ç–∏–∫–∞ –±—ã–ª–∞ –æ–±—ä–µ–∫—Ç–∏–≤–Ω–æ–π –∏ —á–µ—Å—Ç–Ω–æ–π, –Ω–µ –∑–ª–æ—É–ø–æ—Ç—Ä–µ–±–ª—è–π –∫–æ–º–∞–Ω–¥–æ–π /task - –Ω–µ –Ω—É–∂–Ω–æ —Ä–µ—à–∞—Ç—å –æ–¥–Ω—É –∏ —Ç—É –∂–µ –∑–∞–¥–∞—á—É –±–æ–ª–µ–µ 1 —Ä–∞–∑–∞ –≤ –¥–µ–Ω—å. üòâ

–ü–æ–º–Ω–∏, —ç—Ç–∏ –¥–∞–Ω–Ω—ã–µ –ø–æ–º–æ–≥—É—Ç —Ç–µ–±–µ  –æ–ø—Ä–µ–¥–µ–ª–∏—Ç—å —Ç–≤–æ–π –ø—Ä–æ–≥—Ä–µ—Å—Å: –∫–∞–∫ —Å —Ç–æ—á–∫–∏ –∑—Ä–µ–Ω–∏—è —Ä–æ—Å—Ç–∞ –≤–µ—Ä–Ω–æ–≥–æ –∫–æ–ª–∏—á–µ—Å—Ç–≤–∞ –∑–∞–¥–∞—á, —Ç–∞–∫ –∏ –ø–æ —É–ª—É—á—à–µ–Ω–∏—é —Å—Ä–µ–¥–Ω–µ–π —Å–∫–æ—Ä–æ—Å—Ç–∏ —Ä–µ—à–µ–Ω–∏—è –∑–∞–¥–∞—á. –û–±—â–∞–π—Å—è —Å–æ –º–Ω–æ–π —Ä–µ–≥—É–ª—è—Ä–Ω–æ, –∏ —Ç—ã —Å–º–æ–∂–µ—à—å –ª—É—á—à–µ –ø—Ä–æ—Ö–æ–¥–∏—Ç—å —ç—Ç–∞–ø—ã –æ—Ç–±–æ—Ä–∞ –≤ –∫–æ–º–ø–∞–Ω–∏–∏ —Å–≤—è–∑–∞–Ω–Ω—ã–µ —Å –ø—Ä–æ—Ö–æ–∂–¥–µ–Ω–∏–µ–º —Ç–µ—Å—Ç–æ–≤. üí™üèº

–ü–æ–µ—Ö–∞–ª–∏?)";"–Ø –ø–æ–Ω–∏–º–∞—é —Å–ª–µ–¥—É—é—â–∏–µ –∫–æ–º–∞–Ω–¥—ã: 

/task - –ø–æ–ª—É—á–∏—Ç—å –∑–∞–¥–∞—á—É –¥–Ω—è

/stats - –ø–æ–ª—É—á–∏—Ç—å —Å—Ç–∞—Ç–∏—Å—Ç–∏–∫—É

/start - –ø–µ—Ä–µ–∑–∞–ø—É—Å–∫ –±–æ—Ç–∞

/help - –ø–µ—Ä–µ—á–µ–Ω—å –∫–æ–º–∞–Ω–¥"
